Month;#Commits
2010-04;24
2010-05;0
2010-06;8
2010-07;0
2010-08;12
2010-09;68
2010-10;144
2010-11;392
2010-12;96
2011-01;280
2011-02;392
2011-03;448
2011-04;292
2011-05;680
2011-06;368
2011-07;304
2011-08;256
2011-09;272
2011-10;344
2011-11;240
2011-12;232
2012-01;148
2012-02;272
2012-03;156
2012-04;208
2012-05;172
2012-06;112
2012-07;108
2012-08;164
2012-09;124
2012-10;68
2012-11;44
2012-12;224
2013-01;348
2013-02;260
2013-03;228
2013-04;336
2013-05;200
2013-06;160
2013-07;488
2013-08;240
2013-09;116
2013-10;264
2013-11;156
2013-12;316
2014-01;112
2014-02;216
2014-03;152
2014-04;340
2014-05;360
2014-06;452
2014-07;468
2014-08;80
2014-09;204
2014-10;140
2014-11;200
2014-12;288
2015-01;420
2015-02;144
2015-03;108
2015-04;248
2015-05;180
2015-06;252
2015-07;208
2015-08;32
2015-09;148
2015-10;176
2015-11;340
2015-12;96
2016-01;420
2016-02;288
2016-03;304
2016-04;220
2016-05;484
2016-06;232
2016-07;540
2016-08;356
2016-09;540
2016-10;256
2016-11;236
2016-12;196
2017-01;176
2017-02;456
2017-03;1036
2017-04;400
2017-05;236
2017-06;360
2017-07;420
2017-08;288
2017-09;112
2017-10;76
2017-11;464
2017-12;208
2018-01;284
2018-02;424
2018-03;804
2018-04;268
2018-05;200
2018-06;452
2018-07;228
2018-08;108
2018-09;432
2018-10;292
2018-11;420
2018-12;780
2019-01;908
2019-02;1144
2019-03;444
2019-04;640
2019-05;956
2019-06;512
2019-07;492
2019-08;404
2019-09;660
2019-10;1204
2019-11;524
2019-12;404
2020-01;712
2020-02;580
2020-03;608
2020-04;856
2020-05;912
2020-06;552
2020-07;936
2020-08;868
2020-09;792
2020-10;860
2020-11;436
2020-12;500
2021-01;724
2021-02;920
2021-03;896
2021-04;488
2021-05;776
2021-06;564
2021-07;600
2021-08;392
2021-09;508
2021-10;752
2021-11;380
2021-12;612
2022-01;692
2022-02;616
2022-03;980
2022-04;652
2022-05;828
2022-06;696
2022-07;524
2022-08;800
2022-09;412
2022-10;512
2022-11;368
2022-12;240
2023-01;416
2023-02;364
2023-03;736
2023-04;516
2023-05;484
2023-06;412
2023-07;92
2023-08;276
2023-09;244
2023-10;288
2023-11;268
2023-12;220
2024-01;212
2024-02;172
2024-03;220
2024-04;224
2024-05;284
2024-06;356
2024-07;180
2024-08;140
2024-09;196
2024-10;312
2024-11;384
2024-12;400
2025-01;192
2025-02;148
2025-03;232
2025-04;484
2025-05;168
2025-06;508
2025-07;244
2025-08;548
2025-09;360
2025-10;260
2025-11;44
